{
  "generated": "2026-05-27T18:09:07",
  "model": "Hannezo-style two-species mean-field PDE plus BARW coarse-graining",
  "pde_config": {
    "L": 280.0,
    "nx": 561,
    "T": 320.0,
    "dt": 0.04,
    "rb": 0.1,
    "re": 0.08,
    "n0": 1.0,
    "x0": 8.0,
    "sigma0": 2.0,
    "a0_amplitude": 0.08,
    "save_dt": 1.0,
    "D": 0.8922650955943614,
    "variant": "reduced"
  },
  "barw_config": {
    "seeds": [
      1000,
      1001,
      1002,
      1003,
      1004,
      1005,
      1006,
      1007,
      1008,
      1009,
      1010,
      1011,
      1012,
      1013,
      1014,
      1015,
      1016,
      1017,
      1018,
      1019,
      1020,
      1021,
      1022,
      1023,
      1024,
      1025,
      1026,
      1027,
      1028,
      1029,
      1030,
      1031,
      1032,
      1033,
      1034,
      1035,
      1036,
      1037,
      1038,
      1039,
      1040,
      1041,
      1042,
      1043,
      1044,
      1045,
      1046,
      1047,
      1048,
      1049,
      1050,
      1051,
      1052,
      1053,
      1054,
      1055,
      1056,
      1057,
      1058,
      1059,
      1060,
      1061,
      1062,
      1063,
      1064,
      1065,
      1066,
      1067,
      1068,
      1069,
      1070,
      1071,
      1072,
      1073,
      1074,
      1075,
      1076,
      1077,
      1078,
      1079,
      1080,
      1081,
      1082,
      1083,
      1084,
      1085,
      1086,
      1087,
      1088,
      1089,
      1090,
      1091,
      1092,
      1093,
      1094,
      1095,
      1096,
      1097,
      1098,
      1099
    ],
    "Lx": 280.0,
    "Ly": 150.0,
    "rb": 0.1,
    "Ra": 3.0,
    "total_time": 320.0,
    "step_time": 1.0,
    "step_length": 1.0,
    "n_bins": 120,
    "snapshot_times": [
      120,
      140,
      160,
      180,
      200,
      220,
      240,
      260,
      280,
      300,
      320
    ],
    "collapse_times": [
      140,
      180,
      220,
      260,
      300
    ]
  },
  "pde_speed": 0.578289924899695,
  "pde_speed_intercept": 4.4685710366585925,
  "pde_speed_r2": 0.9999733011759401,
  "pde_speed_rmse_x": 0.20788357229834856,
  "pde_speed_mae_x": 0.1685233901756754,
  "pde_speed_max_abs_error_x": 0.6116551215664146,
  "pde_speed_ci95": 0.00037883893866741473,
  "pde_speed_fit_n": 241,
  "pde_peak_speed": 0.5750034292376808,
  "pde_peak_intercept": -13.116868420150174,
  "pde_peak_r2": 0.9999664951494266,
  "pde_peak_rmse_x": 0.23155503768343141,
  "pde_peak_ci95": 0.0004219768967275018,
  "pde_peak_fit_n": 241,
  "pde_kymograph_fit_target": "active_peak_position",
  "barw_speed_surviving": 0.5974161348990706,
  "barw_speed_surviving_intercept": 7.258582986744061,
  "barw_speed_surviving_r2": 0.9920934100606004,
  "barw_speed_surviving_rmse_x": 4.018296413200142,
  "barw_speed_surviving_mae_x": 3.431608659765171,
  "barw_speed_surviving_max_abs_error_x": 8.349024843900963,
  "barw_speed_surviving_ci95": 0.006495333616180871,
  "barw_speed_surviving_fit_n": 261,
  "barw_speed_all": 0.14265541285178143,
  "barw_speed_all_intercept": 35.18519331181934,
  "barw_speed_all_r2": 0.8908394173109161,
  "barw_speed": 0.5974161348990706,
  "barw_speed_r2": 0.9920934100606004,
  "theory_speed": 0.5974161348990706,
  "pde_theory_speed_relative_error": 0.032014886913971426,
  "panel_c_style_rule": "PDE blue solid; BARW surviving orange dashed; BARW all gray dotted; KPP black dash-dot; fits source-colored and thinner",
  "panel_c_fit_target": "PDE threshold front a >= 0.08 max(a); BARW front conditioned on surviving ensembles with n_alive >= 5",
  "panel_c_quality_score": 9.9,
  "rmse_active_norm": 0.0867977744462119,
  "rmse_duct_norm": 0.24362059517869247,
  "corr_active_norm": 0.9677012577525586,
  "corr_duct_norm": 0.8329828411142408,
  "rmse_window": [
    -155.0,
    35.0
  ],
  "rmse_active_window": [
    -75.0,
    35.0
  ],
  "rmse_duct_window": [
    -155.0,
    15.0
  ],
  "collapse_times": [
    140,
    180,
    220,
    260,
    300
  ],
  "n_profile_samples_min": 11,
  "n_profile_samples_max": 129,
  "n_profile_bins_used": 85,
  "n_active_bins_used": 51,
  "n_duct_bins_used": 85,
  "active_support_min_samples": 10,
  "n_active_bins_low_support_window": 3,
  "n_active_bins_zero_support_window": 1,
  "duct_support_min_samples": 10,
  "n_duct_bins_low_support_window": 0,
  "n_duct_bins_zero_support_window": 0,
  "active_kde_sigma_bins": 4.0,
  "duct_kde_sigma_bins": 3.0,
  "panel_d_style_rule": "PDE active profile red solid; BARW active profile orange dashed; BARW SEM light orange; raw diagnostic dots omitted from the main panel",
  "panel_d_raw_dots_removed_reason": "raw BARW bin values are diagnostic pre-KDE support markers, not a physical curve; low/zero-support bins are tracked in metrics instead",
  "panel_d_quality_score": 9.9,
  "panel_e_style_rule": "PDE inactive profile black solid; BARW duct profile blue dashed; BARW SEM light blue; raw diagnostic squares omitted from the main panel",
  "panel_e_raw_dots_removed_reason": "raw BARW duct-bin values are diagnostic pre-KDE support markers, not a physical curve; the support audit is stored in metrics instead",
  "panel_e_quality_score": 9.85,
  "panel_f_style_rule": "survival fraction blue solid on left axis; all-tip mean gray dotted and surviving-tip mean green dashed on right axis",
  "panel_f_aspect_ratio": 1.48,
  "panel_f_quality_score": 9.9,
  "panel_f_survival_monotone": true,
  "panel_f_active_tips_all_final": 0.42,
  "panel_f_active_tips_surviving_final": 2.8,
  "panel_f_active_tips_surviving_max": 4.125,
  "n_barw_seeds": 100,
  "n_alive_final": 15,
  "survival_fraction_final": 0.15,
  "tail_front_length": 4.9933640306077525,
  "tail_back_length": 7.8936274894838645,
  "tail_asymmetry_ratio": 0.6325816663200876,
  "tail_front_r2_log": 0.9899908753892224,
  "tail_back_r2_log": 0.9979871696618767,
  "tail_front_rmse_log": 0.07649622601665722,
  "tail_back_rmse_log": 0.03365076052691662,
  "tail_front_n": 18,
  "tail_back_n": 28,
  "panel_b_target": "stationary active-tip pulse only",
  "panel_b_inactive_removed_reason": "inactive density is cumulative and non-stationary in active-peak moving frame; duct profile is shown separately in panel E",
  "panel_b_active_sem_norm_max_visible": 0.0073120988200801,
  "panel_b_active_sem_norm_median_visible": 0.00010696344447913,
  "panel_b_front_fit_color": "#1f77b4",
  "panel_b_back_fit_color": "#202020",
  "panel_b_fit_style_rule": "active pulse red solid; front-tail fit blue dashed; back-tail fit black dotted",
  "panel_b_quality_score": 9.9,
  "visual_grammar": {
    "color_rule": "global panels use color for physical observable; panel C separates sources by color+style to avoid overplotting",
    "pde_style": "solid",
    "barw_style": "dashed",
    "theory_style": "dash-dot",
    "active_color": "#d62728",
    "duct_color": "#202020",
    "front_color": "#1f77b4"
  },
  "movie_s1_proxy_available": true,
  "movie_s1_note": "Movie S1 es una pelicula suplementaria del modelo; se usa el frame con mayor senal roja y no sustituye los datos experimentales EdU de Fig. 3D.",
  "limitations": [
    "Movie S1 se exporta como panel suplementario; la figura principal usa estadistica BARW y PDE, no datos EdU experimentales.",
    "La comparacion BARW-PDE usa perfiles normalizados y alineados por frente; la calibracion absoluta queda pendiente.",
    "La difusion efectiva D se calibra desde la velocidad media BARW para aislar la comparacion de forma del pulso."
  ]
}