semilla,segmentos,bifurcaciones,terminaciones,puntas_activas_finales,tiempo_final,x_max
1,228,21,22,0,137.0,96.81203263260394
2,723,58,59,0,386.0,186.22442462090785
3,118,6,7,0,109.0,26.38715198225925
4,1496,164,165,0,280.0,215.63652413398052
5,952,89,90,0,421.0,279.314207035174
10,1511,160,161,0,339.0,279.8240427237387
42,446,41,42,0,197.0,111.34530657409891
100,367,33,34,0,197.0,95.27733256328762
