metodo,tiempo_medio,desviacion,ic95_inf,ic95_sup,segmentos_medios,x_max_medio,num_simulaciones
cKDTree,0.09366493201814592,0.1364253586101419,0.0548932740912663,0.13243658994502555,567.88,100.8996509239326,50
exhaustiva,0.15787099397275597,0.30213281099352857,0.07200579914630947,0.24373618879920247,567.88,100.8996509239326,50
