metodo,tiempo_medio,desviacion,ic95_inf,ic95_sup,segmentos_medios,x_max_medio,num_simulaciones
KDTree,0.1344882420450449,0.20124010555478733,0.07729643684674557,0.1916800472433442,948.56,110.1166503240901,50
QuadTree,0.05751351998187602,0.07831717962809864,0.03525602380027615,0.07977101616347589,948.56,110.1166503240901,50
exhaustiva,0.8895357340201735,1.6300601986934267,0.426277751282757,1.3527937167575899,948.56,110.1166503240901,50
