metodo,tiempo_medio,desviacion,ic95_inf,ic95_sup,segmentos_medios,x_max_medio,num_simulaciones
cKDTree,0.057091072010807695,0.07985337148225738,0.03439699493481776,0.07978514908679762,567.88,100.8996509239326,50
exhaustiva,0.09182627398986369,0.15655698355409756,0.04733327155789247,0.13631927642183492,567.88,100.8996509239326,50
