metodo,tiempo_medio,desviacion,ic95_inf,ic95_sup,segmentos_medios,x_max_medio,num_simulaciones
KDTree,0.07357730596326291,0.10960145331185252,0.042428917574272376,0.10472569435225344,948.56,110.1166503240901,50
QuadTree,0.03413007204420865,0.04804661476508328,0.020475375210757273,0.04778476887766002,948.56,110.1166503240901,50
exhaustiva,0.4941036059614271,0.9156016650675957,0.233892491862562,0.7543147200602922,948.56,110.1166503240901,50
